date,mean_ndvi
2000-02-18,0.33706200243219825
2000-03-05,0.31321390057991816
2000-03-21,0.2969153221676483
2000-04-06,0.30084450251825645
2000-04-22,0.29035955604952374
2000-05-08,0.27931756765408283
2000-05-24,0.2670955166100327
2000-06-09,0.23539048319091416
2000-06-25,0.22400591048643442
2000-07-11,0.22493948060110303
2000-07-27,0.21416618234568569
2000-08-12,0.20957397343979137
2000-08-28,0.21716459863713328
2000-09-13,0.22279920211063367
2000-09-29,0.2275904267226914
2000-10-15,0.24231958758486075
2000-10-31,0.24269443565063217
2000-11-16,0.26816772049978665
2000-12-02,0.2785397246056581
2000-12-18,0.303700908625246
2001-01-01,0.28140728915920354
2001-01-17,0.30174022311841014
2001-02-02,0.34631831543047376
2001-02-18,0.34447749800710253
2001-03-06,0.3578845572071346
2001-03-22,0.3408778671606762
2001-04-07,0.30427393958912535
2001-04-23,0.26565286596522003
2001-05-09,0.24833411112533502
2001-05-25,0.22588836470058876
2001-06-10,0.2225576428277686
2001-06-26,0.20965485903569833
2001-07-12,0.19861928260165498
2001-07-28,0.2038439765648635
2001-08-13,0.21869304528121833
2001-08-29,0.22073714515722304
2001-09-14,0.22658055843334451
2001-09-30,0.22544101494066227
2001-10-16,0.21817341079031333
2001-11-01,0.2320781828516225
2001-11-17,0.22910834039878233
2001-12-03,0.2390782533352738
2001-12-19,0.27095484458637537
2002-01-01,0.28135890996677215
2002-01-17,0.29422701201944057
2002-02-02,0.30061895077667444
2002-02-18,0.3094543911794208
2002-03-06,0.3427814968851282
2002-03-22,0.3609311987475336
2002-04-07,0.3950300957783423
2002-04-23,0.37254293025971014
2002-05-09,0.3489445806965862
2002-05-25,0.2780698422950329
2002-06-10,0.24191469746334648
2002-06-26,0.23679478219215805
2002-07-04,0.22901846801594938
2002-07-12,0.2253030701711857
2002-07-20,0.2103235755108689
2002-07-28,0.2179979995461888
2002-08-05,0.22723994157616345
2002-08-13,0.2266676986482032
2002-08-21,0.23283339895344013
2002-08-29,0.24016039810393447
2002-09-06,0.23637954917587534
2002-09-14,0.23615871584731268
2002-09-22,0.23039460470582757
2002-09-30,0.23680863886987208
2002-10-08,0.24798970543435883
2002-10-16,0.24183597626868078
2002-10-24,0.2486217523924838
2002-11-01,0.24628778673941185
2002-11-09,0.2538718916139548
2002-11-17,0.27474992613271265
2002-11-25,0.2828947018209276
2002-12-03,0.2920384160767973
2002-12-11,0.34285866614658544
2002-12-19,0.35148038417136374
2002-12-27,0.34797012441127334
2003-01-01,0.3775008218014058
2003-01-09,0.3607158088306645
2003-01-17,0.39443063085966684
2003-01-25,0.38874215101900683
2003-02-02,0.4104327860710995
2003-02-10,0.42398281422228445
2003-02-18,0.4460139813134891
2003-02-26,0.44811729230840863
2003-03-06,0.4510973403749811
2003-03-14,0.4326671106378523
2003-03-22,0.4672217493264437
2003-03-30,0.4761362692702382
2003-04-07,0.45003477778402895
2003-04-15,0.44114962408640207
2003-04-23,0.4291498853500222
2003-05-01,0.36268805188810094
2003-05-09,0.3489158508416196
2003-05-17,0.31189889421397826
2003-05-25,0.28743585716557624
2003-06-02,0.2717470044509293
2003-06-10,0.26035687405453634
2003-06-18,0.25081351847721733
2003-06-26,0.24098646345034633
2003-07-04,0.23183334367702849
2003-07-12,0.2321087419347958
2003-07-20,0.2275045484694274
2003-07-28,0.23413110477971125
2003-08-05,0.238413334923988
2003-08-13,0.2411754564929697
2003-08-21,0.23478813724025974
2003-08-29,0.2321296092505998
2003-09-06,0.23270962797607508
2003-09-14,0.23699914547485673
2003-09-22,0.23647822409040753
2003-09-30,0.2439708674767979
2003-10-08,0.24474387453774304
2003-10-16,0.2585158211920659
2003-10-24,0.27168087086626724
2003-11-01,0.27451297641340094
2003-11-09,0.30294903752488644
2003-11-17,0.2996796208199381
2003-11-25,0.3075778338266236
2003-12-03,0.3219864894293418
2003-12-11,0.3401960026721353
2003-12-19,0.3513599110557474
2003-12-27,0.3652637573611213
2004-01-01,0.3701866571294358
2004-01-09,0.3692941407008254
2004-01-17,0.37916399420898494
2004-01-25,0.3698213643172593
2004-02-02,0.37557773080467577
2004-02-10,0.3735999130708123
2004-02-18,0.39666879900957225
2004-02-26,0.40356344260926774
2004-03-05,0.4143482271553589
2004-03-13,0.41230094025282843
2004-03-21,0.42410243234489226
2004-03-29,0.4104360084891091
2004-04-06,0.4033811210761462
2004-04-14,0.39269271283333573
2004-04-22,0.3762226343827357
2004-04-30,0.3492702555725209
2004-05-08,0.3467466664468607
2004-05-16,0.3301707401473389
2004-05-24,0.3245477315041076
2004-06-01,0.309150599185054
2004-06-09,0.2840884677076809
2004-06-17,0.27467160234988824
2004-06-25,0.25992480329849554
2004-07-03,0.2594379144354951
2004-07-11,0.25130986859076926
2004-07-19,0.25079685441156235
2004-07-27,0.24746890126668733
2004-08-04,0.24811792912000397
2004-08-12,0.24089519367457093
2004-08-20,0.23833585684336284
2004-08-28,0.24110334787187204
2004-09-05,0.2366879739814441
2004-09-13,0.2472163082228712
2004-09-21,0.24881831649923145
2004-09-29,0.2511726584675439
2004-10-07,0.25800563418273986
2004-10-15,0.24653045112198457
2004-10-23,0.27443088532299664
2004-10-31,0.30232381170506184
2004-11-08,0.31110430835525105
2004-11-16,0.3113423769414588
2004-11-24,0.34172304189064057
2004-12-02,0.35081669513866515
2004-12-10,0.3551045515771658
2004-12-18,0.3766486417380161
2004-12-26,0.3352264701026521
2005-01-01,0.3532880221381736
2005-01-09,0.37700861036808125
2005-01-17,0.37369858530848
2005-01-25,0.3697777182974479
2005-02-02,0.3687525518432623
2005-02-10,0.3588692635492692
2005-02-18,0.3690535253755259
2005-02-26,0.3888944311581826
2005-03-06,0.39467771289150755
2005-03-14,0.3790235953813743
2005-03-22,0.40020917521632066
2005-03-30,0.35258463252880007
2005-04-07,0.331765870558149
2005-04-15,0.32047268598632683
2005-04-23,0.284809139049725
2005-05-01,0.2853558808695214
2005-05-09,0.2640537706208861
2005-05-17,0.25846834820484876
2005-05-25,0.25438282860018735
2005-06-02,0.25293495260134885
2005-06-10,0.24315063484829377
2005-06-18,0.2352866213244277
2005-06-26,0.230756781482128
2005-07-04,0.2261836322204659
2005-07-12,0.2291491494391982
2005-07-20,0.22687721624343032
2005-07-28,0.2317051576903756
2005-08-05,0.22707564361159488
2005-08-13,0.22863609238384142
2005-08-21,0.226522034292853
2005-08-29,0.23051426166393515
2005-09-06,0.23446422745610954
2005-09-14,0.23215165452411213
2005-09-22,0.22713046447928434
2005-09-30,0.23635721842871
2005-10-08,0.24815733659632852
2005-10-16,0.2468628918014717
2005-10-24,0.2591404704005527
2005-11-01,0.25865856967688616
2005-11-09,0.2659356841901067
2005-11-17,0.2740784933282116
2005-11-25,0.30436876154837494
2005-12-03,0.3051399105297378
2005-12-11,0.3062942798649383
2005-12-19,0.3506725882699973
2005-12-27,0.34098738497736447
2006-01-01,0.36293578298823087
2006-01-09,0.32255855746148643
2006-01-17,0.34212358444345947
2006-01-25,0.3304188678144832
2006-02-02,0.37649678829877486
2006-02-10,0.39587542396571
2006-02-18,0.4155192681941903
2006-02-26,0.41375652025347914
2006-03-06,0.4431406388421957
2006-03-14,0.45038056540600346
2006-03-22,0.46232867714091763
2006-03-30,0.43569366895025924
2006-04-07,0.41704137096711624
2006-04-15,0.39591928525709413
2006-04-23,0.36555767577632503
2006-05-01,0.3324362360269647
2006-05-09,0.31674174976824643
2006-05-17,0.2930417954014294
2006-05-25,0.28013959471488664
2006-06-02,0.2653869071515152
2006-06-10,0.26391041969818657
2006-06-18,0.25994377429642207
2006-06-26,0.2516059166765276
2006-07-04,0.24517667424307069
2006-07-12,0.2429835649620654
2006-07-20,0.23963204642565517
2006-07-28,0.23905646845246298
2006-08-05,0.24244031423465937
2006-08-13,0.2423274901596379
2006-08-21,0.224386987999007
2006-08-29,0.22435103756972083
2006-09-06,0.24383680519984477
2006-09-14,0.24796105512376407
2006-09-22,0.24355814927897765
2006-09-30,0.23507815990970027
2006-10-08,0.24648890005275903
2006-10-16,0.25138466322429925
2006-10-24,0.2598955214991707
2006-11-01,0.2608603004379285
2006-11-09,0.27212715753723743
2006-11-17,0.2798215744096352
2006-11-25,0.2894552422047269
2006-12-03,0.28772290850954024
2006-12-11,0.2735471303321629
2006-12-19,0.2767768405664297
2006-12-27,0.2785365903038208
2007-01-01,0.27643983474537637
2007-01-09,0.28037426330816934
2007-01-17,0.2918338150631106
2007-01-25,0.29911267014589477
2007-02-02,0.3258697020208097
2007-02-10,0.3303616826526754
2007-02-18,0.3344202771783008
2007-02-26,0.33189964832742047
2007-03-06,0.3247067162413253
2007-03-14,0.31914085177051227
2007-03-22,0.31402589569152195
2007-03-30,0.3198393124483404
2007-04-07,0.323250608873487
2007-04-15,0.34067706169319245
2007-04-23,0.33339069079381334
2007-05-01,0.3340460898977138
2007-05-09,0.3135131210104577
2007-05-17,0.2931981250400198
2007-05-25,0.2827896657478337
2007-06-02,0.26470045022850885
2007-06-10,0.2553526591389714
2007-06-18,0.2448666424118239
2007-06-26,0.2409996089984657
2007-07-04,0.22492657435420063
2007-07-12,0.22080686175071412
2007-07-20,0.2240560171955901
2007-07-28,0.23064390236332896
2007-08-05,0.23582511480549523
2007-08-13,0.23104087410729182
2007-08-21,0.22942239025989272
2007-08-29,0.23112568357310354
2007-09-06,0.2370882193859041
2007-09-14,0.23272871401025025
2007-09-22,0.2410993661553745
2007-09-30,0.24043006561173297
2007-10-08,0.2457071302997962
2007-10-16,0.25369239783898745
2007-10-24,0.2593515284283404
2007-11-01,0.2514909343814506
2007-11-09,0.26210874439592363
2007-11-17,0.28132203386212584
2007-11-25,0.27845635384212214
2007-12-03,0.2843472848149903
2007-12-11,0.3011476576431483
2007-12-19,0.33034854691166576
2007-12-27,0.32012844587473294
2008-01-01,0.3456544813729107
2008-01-09,0.3443534718366997
2008-01-17,0.3661506393554258
2008-01-25,0.3758047988499058
2008-02-02,0.3838217771768543
2008-02-10,0.3720489783173656
2008-02-18,0.40402988726434197
2008-02-26,0.40739628010111145
2008-03-05,0.40527705736096165
2008-03-13,0.37302728143740455
2008-03-21,0.37519743526582217
2008-03-29,0.35025722110017526
2008-04-06,0.3256113203521973
2008-04-14,0.30967911805042325
2008-04-22,0.29725276405401047
2008-04-30,0.2730967763770362
2008-05-08,0.2769847168467961
2008-05-16,0.2574581825131353
2008-05-24,0.26607397867027793
2008-06-01,0.25541638926492094
2008-06-09,0.24279942532749738
2008-06-17,0.23905962116907375
2008-06-25,0.22224923822822115
2008-07-03,0.2270119285790489
2008-07-11,0.21423848728869443
2008-07-19,0.22120870441378696
2008-07-27,0.21804652469890032
2008-08-04,0.21465226268652093
2008-08-12,0.21707350940717632
2008-08-20,0.20914783583450008
2008-08-28,0.2221592324669431
2008-09-05,0.23013986452671642
2008-09-13,0.23695074305117644
2008-09-21,0.2383411707529068
2008-09-29,0.24047233820904793
2008-10-07,0.23770806093414523
2008-10-15,0.24682455282155924
2008-10-23,0.26626991213663653
2008-10-31,0.2689108951500976
2008-11-08,0.27567187341678767
2008-11-16,0.28103478180695907
2008-11-24,0.29634647930803526
2008-12-02,0.28281513373980044
2008-12-10,0.2997306657050324
2008-12-18,0.30626543579843624
2008-12-26,0.32702420660121784
2009-01-01,0.356236540088171
2009-01-09,0.34171755447634566
2009-01-17,0.3671731637982672
2009-01-25,0.21745427928176744
2009-02-02,0.36968648656044806
2009-02-10,0.3845659588409831
2009-02-18,0.3942571228475074
2009-02-26,0.4253357190687383
2009-03-06,0.43151908901157326
2009-03-14,0.43406187489694387
2009-03-22,0.44641975931285466
2009-03-30,0.4165839343294827
2009-04-07,0.41479292942817947
2009-04-15,0.3972481070256699
2009-04-23,0.34508075094236407
2009-05-01,0.31665219649623877
2009-05-09,0.30556798253783474
2009-05-17,0.2910860645667183
2009-05-25,0.27937450227346383
2009-06-02,0.27111991355847714
2009-06-10,0.26012944148157063
2009-06-18,0.25652299631019215
2009-06-26,0.25124881812907135
2009-07-04,0.24571686030949227
2009-07-12,0.2440761475665789
2009-07-20,0.2396377227402063
2009-07-28,0.23371391315479156
2009-08-05,0.23356340505428047
2009-08-13,0.23614398924489216
2009-08-21,0.2377381024709895
2009-08-29,0.2370146731434024
2009-09-06,0.2601654332124711
2009-09-14,0.2509479082281918
2009-09-22,0.26372026954879096
2009-09-30,0.2647355925624006
2009-10-08,0.26763528075281345
2009-10-16,0.27184886555518917
2009-10-24,0.2772358212083631
2009-11-01,0.27804798612513
2009-11-09,0.27981966029682803
2009-11-17,0.26621042424077845
2009-11-25,0.28709579003339813
2009-12-03,0.2891294868683888
2009-12-11,0.2882598530085492
2009-12-19,0.3516197579299478
2009-12-27,0.36121152413613633
2010-01-01,0.35767157416925294
2010-01-09,0.3350093801637611
2010-01-17,0.3486850604192834
2010-01-25,0.3679457655716338
2010-02-02,0.39341411679274296
2010-02-10,0.41855845679012316
2010-02-18,0.44358094263649045
2010-02-26,0.4451285183473052
2010-03-06,0.4477842704177224
2010-03-14,0.4511504870271644
2010-03-22,0.4476470557426402
2010-03-30,0.4170442758502946
2010-04-07,0.3968301432519076
2010-04-15,0.3837317741124974
2010-04-23,0.3501264137362372
2010-05-01,0.3306575074180521
2010-05-09,0.30014779256258345
2010-05-17,0.2923742199640319
2010-05-25,0.283354594327177
2010-06-02,0.26900858098421465
2010-06-10,0.2655416400682215
2010-06-18,0.2553294794670476
2010-06-26,0.25618402988953376
2010-07-04,0.24155031345165356
2010-07-12,0.23455484861296433
2010-07-20,0.23953351553922725
2010-07-28,0.23947116772535518
2010-08-05,0.24453916909112072
2010-08-13,0.24713456701742947
2010-08-21,0.246420788241183
2010-08-29,0.24664204571921003
2010-09-06,0.24727204797960675
2010-09-14,0.25151597997263697
2010-09-22,0.2556352862748752
2010-09-30,0.2520892512201512
2010-10-08,0.27415313123549095
2010-10-16,0.27644800914078904
2010-10-24,0.29062648826159865
2010-11-01,0.2932430922540309
2010-11-09,0.31810114152281993
2010-11-17,0.33096550341172687
2010-11-25,0.368044454520035
2010-12-03,0.3708953593000327
2010-12-11,0.376994228737659
2010-12-19,0.43681331885231117
2010-12-27,0.4267651565813081
2011-01-01,0.42027859658797445
2011-01-09,0.4183885568641921
2011-01-17,0.420277159252776
2011-01-25,0.4233113032852649
2011-02-02,0.4316758041344392
2011-02-10,0.445448159035134
2011-02-18,0.44688726573221604
2011-02-26,0.4442877608436248
2011-03-06,0.4446782005295071
2011-03-14,0.44498711045271067
2011-03-22,0.43281170363415566
2011-03-30,0.40192682155564086
2011-04-07,0.35495692901183695
2011-04-15,0.36920196572209074
2011-04-23,0.3384487554222831
2011-05-01,0.33072600256072027
2011-05-09,0.32902346743016314
2011-05-17,0.31940697980897825
2011-05-25,0.3147350627058354
2011-06-02,0.3061524534713225
2011-06-10,0.28779842867450833
2011-06-18,0.27651872193591065
2011-06-26,0.26832957299038607
2011-07-04,0.2560956352477698
2011-07-12,0.2568694657391818
2011-07-20,0.2487370413400108
2011-07-28,0.23864252016911025
2011-08-05,0.24311132610453756
2011-08-13,0.2419808181424999
2011-08-21,0.2507015345040312
2011-08-29,0.2534218987990343
2011-09-06,0.25316771154947065
2011-09-14,0.2497087414826083
2011-09-22,0.254056663937003
2011-09-30,0.2545944539201134
2011-10-08,0.2546334352208727
2011-10-16,0.27008732497957494
2011-10-24,0.27877855975274995
2011-11-01,0.3019861583901166
2011-11-09,0.3020148540619851
2011-11-17,0.327289770395701
2011-11-25,0.33309389084778424
2011-12-03,0.33933722746640954
2011-12-11,0.36099965491915076
2011-12-19,0.3894464131793722
2011-12-27,0.3864038256859722
2012-01-01,0.3743906302036633
2012-01-09,0.37975249819267304
2012-01-17,0.36656638395352964
2012-01-25,0.3765800943495371
2012-02-02,0.375952413696596
2012-02-10,0.3660567353985927
2012-02-18,0.36797849790604975
2012-02-26,0.36360258145397456
2012-03-05,0.354619870219308
2012-03-13,0.34947627133440157
2012-03-21,0.35985674138670093
2012-03-29,0.3610157440544965
2012-04-06,0.37363819563204537
2012-04-14,0.3649612121082692
2012-04-22,0.36074402343280043
2012-04-30,0.33904564587117514
2012-05-08,0.3314894633379582
2012-05-16,0.2937670278932073
2012-05-24,0.2796556383758685
2012-06-01,0.2689137140040863
2012-06-09,0.25930498597385676
2012-06-17,0.26218138856566603
2012-06-25,0.24454268764508647
2012-07-03,0.24128536575432527
2012-07-11,0.23724850947878778
2012-07-19,0.23853340674821866
2012-07-27,0.23520910593168556
2012-08-04,0.2326637945916797
2012-08-12,0.23529532762847566
2012-08-20,0.24141821715198938
2012-08-28,0.24170269499774896
2012-09-05,0.2388055750778575
2012-09-13,0.23915810495638137
2012-09-21,0.2585736313434719
2012-09-29,0.2611916707103566
2012-10-07,0.2591307796948287
2012-10-15,0.2731650614710349
2012-10-23,0.31097065354362824
2012-10-31,0.3480276505177142
2012-11-08,0.3591201444947351
2012-11-16,0.35233589551818395
2012-11-24,0.34207561036965384
2012-12-02,0.3552296330964011
2012-12-10,0.38114528847724166
2012-12-18,0.4048368034530408
2012-12-26,0.4111555572594061
2013-01-01,0.40078831211452687
2013-01-09,0.3985838848230769
2013-01-17,0.4272561071578392
2013-01-25,0.41724354592579643
2013-02-02,0.42488777447956094
2013-02-10,0.41760933007433737
2013-02-18,0.45560379755923863
2013-02-26,0.45511979998952024
2013-03-06,0.4807101993095673
2013-03-14,0.48034688963535394
2013-03-22,0.48299894642635266
2013-03-30,0.4738372769521058
2013-04-07,0.43809732187022943
2013-04-15,0.4147041249973327
2013-04-23,0.3627982547167067
2013-05-01,0.3640962228649353
2013-05-09,0.31906833816447616
2013-05-17,0.3067075332084879
2013-05-25,0.29396987749573555
2013-06-02,0.27959463886965014
2013-06-10,0.265480443060688
2013-06-18,0.26174033090653026
2013-06-26,0.2550419317547017
2013-07-04,0.25632772252065594
2013-07-12,0.25103711542640705
2013-07-20,0.25271639092376447
2013-07-28,0.25156908055566335
2013-08-05,0.2446887108040981
2013-08-13,0.24890768053535062
2013-08-21,0.2490001119501444
2013-08-29,0.2508721147817513
2013-09-06,0.26544316379397376
2013-09-14,0.2673326579645005
2013-09-22,0.27690971848149226
2013-09-30,0.27293985661622056
2013-10-08,0.2759882795863818
2013-10-16,0.26947050473186135
2013-10-24,0.27788380091919856
2013-11-01,0.2743342309678071
2013-11-09,0.2765555958031235
2013-11-17,0.2936647451376218
2013-11-25,0.3009297882089797
2013-12-03,0.2976045084815518
2013-12-11,0.30207596133686376
2013-12-19,0.3309534012318001
2013-12-27,0.32984921020915536
2014-01-01,0.3244015368902197
2014-01-09,0.32632715890832004
2014-01-17,0.3480400023743632
2014-01-25,0.33616025018278567
2014-02-02,0.3636379186244905
2014-02-10,0.3868573448653518
2014-02-18,0.4033787130096542
2014-02-26,0.3991337974853096
2014-03-06,0.4094897094952551
2014-03-14,0.40655637500024255
2014-03-22,0.42180122753178434
2014-03-30,0.41175058590225455
2014-04-07,0.40716434794588574
2014-04-15,0.38581269358498327
2014-04-23,0.36985585184523956
2014-05-01,0.3240583201424615
2014-05-09,0.3023313992035366
2014-05-17,0.2833825689711038
2014-05-25,0.2776464625789629
2014-06-02,0.26642998065463774
2014-06-10,0.2560211350304929
2014-06-18,0.2519911882911607
2014-06-26,0.24915797356246888
2014-07-04,0.24417028000038785
2014-07-12,0.2379400701115887
2014-07-20,0.24103570405839053
2014-07-28,0.23343725506170251
2014-08-05,0.23026981457449522
2014-08-13,0.23154287828417805
2014-08-21,0.23267161754894966
2014-08-29,0.23341472546870612
2014-09-06,0.24825251304634616
2014-09-14,0.24853718764854824
2014-09-22,0.25762213220658586
2014-09-30,0.24823956764455346
2014-10-08,0.2573607110909306
2014-10-16,0.2555843240673361
2014-10-24,0.258558270354197
2014-11-01,0.26620841512166815
2014-11-09,0.2957719698278789
2014-11-17,0.29582722476066137
2014-11-25,0.3242322311048641
2014-12-03,0.30614972316390815
2014-12-11,0.33579478044900535
2014-12-19,0.3547731570375782
2014-12-27,0.3617367336793683
2015-01-01,0.3464548409292344
2015-01-09,0.363109431212111
2015-01-17,0.36798417042856185
2015-01-25,0.37425766904229624
2015-02-02,0.4075306666822159
2015-02-10,0.4149335419149972
2015-02-18,0.4246465862782304
2015-02-26,0.42326578049358066
2015-03-06,0.42537512654689974
2015-03-14,0.44177723516766076
2015-03-22,0.4411868802756444
2015-03-30,0.44147875359662647
2015-04-07,0.42847013041183896
2015-04-15,0.3778080271063295
2015-04-23,0.36133861590903366
2015-05-01,0.3067579472305753
2015-05-09,0.2981681571203271
2015-05-17,0.3026802692809799
2015-05-25,0.28519295643197806
2015-06-02,0.2779002943533442
2015-06-10,0.26610351883573247
2015-06-18,0.2619006943986341
2015-06-26,0.25550545459130813
2015-07-04,0.2587255809438761
2015-07-12,0.2562407062666959
2015-07-20,0.2506530920806347
2015-07-28,0.24366929549822444
2015-08-05,0.25448923810484503
2015-08-13,0.2540657129604293
2015-08-21,0.25338316772693564
2015-08-29,0.2547552214910451
2015-09-06,0.25376586271016033
2015-09-14,0.2533743610046928
2015-09-22,0.25949884170408377
2015-09-30,0.2604949821755355
2015-10-08,0.26409538919947195
2015-10-16,0.27210923298239753
2015-10-24,0.2822764339595164
2015-11-01,0.2756338999897113
2015-11-09,0.2780021433535078
2015-11-17,0.2739978959547896
2015-11-25,0.2799014603626933
2015-12-03,0.268386783292471
2015-12-11,0.2762946362242621
2015-12-19,0.2905270988848506
2015-12-27,0.2944410475782056
2016-01-01,0.28846523876459035
2016-01-09,0.2816777951130153
2016-01-17,0.28140126723773234
2016-01-25,0.28009732195380493
2016-02-02,0.28053350843578373
2016-02-10,0.2849822975338787
2016-02-18,0.23535137569746914
2016-02-26,0.2742761881360245
2016-03-05,0.2811444369593239
2016-03-13,0.2915295485399653
2016-03-21,0.2995041781556075
2016-03-29,0.32475603103098266
2016-04-06,0.32381354337430035
2016-04-14,0.3167404356525571
2016-04-22,0.31328628933038877
2016-04-30,0.30401101451805307
2016-05-08,0.2979086612492627
2016-05-16,0.28370688653488274
2016-05-24,0.27088826135964594
2016-06-01,0.2532040451378782
2016-06-09,0.25177824922879927
2016-06-17,0.2455453253464197
2016-06-25,0.2416209854602319
2016-07-03,0.2360414471769922
2016-07-11,0.22905094573078136
2016-07-19,0.23582079853816654
2016-07-27,0.23434284273000497
2016-08-04,0.23686398566945072
2016-08-12,0.23027445435680632
2016-08-20,0.23924279865176645
2016-08-28,0.2387011974374993
2016-09-05,0.24597331791360166
2016-09-13,0.23903805891222552
2016-09-21,0.24191812162691717
2016-09-29,0.2415675635302631
2016-10-07,0.2578678521404099
2016-10-15,0.24711923355291882
2016-10-23,0.2537593426484968
2016-10-31,0.26916266452474097
2016-11-08,0.2730236502199325
2016-11-16,0.28655537233082184
2016-11-24,0.3077978992389337
2016-12-02,0.3144199464022669
2016-12-10,0.3271113220493166
2016-12-18,0.3223358854757795
2016-12-26,0.35618542494405175
2017-01-01,0.3530357748962132
2017-01-09,0.3538077039025516
2017-01-17,0.3837388265105849
2017-01-25,0.3949823724063512
2017-02-02,0.4370384270452137
2017-02-10,0.4293776299268982
2017-02-18,0.4838249999999999
2017-02-26,0.47367229140142214
2017-03-06,0.4791634873783242
2017-03-14,0.45135387608180993
2017-03-22,0.43445832985726457
2017-03-30,0.38967561106207127
2017-04-07,0.3667625178715884
2017-04-15,0.34387006021712324
2017-04-23,0.3217275509709068
2017-05-01,0.30258698080726326
2017-05-09,0.2934850199782761
2017-05-17,0.279706120921067
2017-05-25,0.26408992790126146
2017-06-02,0.26520323336120943
2017-06-10,0.2564779781082639
2017-06-18,0.25176214573956235
2017-06-26,0.24236752897639996
2017-07-04,0.23679460630570348
2017-07-12,0.23768096566332128
2017-07-20,0.23949347127025314
2017-07-28,0.22895060771851977
2017-08-05,0.23457781568509561
2017-08-13,0.23248931513918183
2017-08-21,0.24821363212259348
2017-08-29,0.24186533193366178
2017-09-06,0.2519915612583809
2017-09-14,0.24152723532526785
2017-09-22,0.24910938756743856
2017-09-30,0.2449128654426243
2017-10-08,0.257882416808464
2017-10-16,0.26098402777777774
2017-10-24,0.2645190889459316
2017-11-01,0.25377669015396076
2017-11-09,0.26487658213849163
2017-11-17,0.2742067269654834
2017-11-25,0.2693062354493249
2017-12-03,0.2774639564823422
2017-12-11,0.2846546136545781
2017-12-19,0.2893990554395661
2017-12-27,0.2964939385884065
2018-01-01,0.3116248397731308
2018-01-09,0.2992061238828132
2018-01-17,0.31213359296774934
2018-01-25,0.29424792679872575
2018-02-02,0.3181121524413804
2018-02-10,0.3415572038323133
2018-02-18,0.3953148293644862
2018-02-26,0.4327655777885159
2018-03-06,0.45079957504304885
2018-03-14,0.44537236024121635
2018-03-22,0.4651555918372101
2018-03-30,0.44461503256564555
2018-04-07,0.429424435724912
2018-04-15,0.434042269849493
2018-04-23,0.4388958631485229
2018-05-01,0.40898766464440317
2018-05-09,0.3983443329931589
2018-05-17,0.3820602537346435
2018-05-25,0.35929053699258534
2018-06-02,0.3391836535439181
2018-06-10,0.319307079249499
2018-06-18,0.30033149470057885
2018-06-26,0.29121036887050267
2018-07-04,0.2720684905126136
2018-07-12,0.26166525532694773
2018-07-20,0.2583678801724456
2018-07-28,0.2655798396934277
2018-08-05,0.27543907041510524
2018-08-13,0.27078435449744687
2018-08-21,0.26685859593239813
2018-08-29,0.27501297814737535
2018-09-06,0.27802064072889127
2018-09-14,0.2829358637052327
2018-09-22,0.2914670143269146
2018-09-30,0.29251916374819303
2018-10-08,0.29743648401339096
2018-10-16,0.3192640491240464
2018-10-24,0.34020072322832373
2018-11-01,0.3472339185543199
2018-11-09,0.3447640516876695
2018-11-17,0.384276841621073
2018-11-25,0.4071720680150625
2018-12-03,0.4192369927386436
2018-12-11,0.42968069446655194
2018-12-19,0.4291005779942938
2018-12-27,0.40589020573336176
2019-01-01,0.40609941027850244
2019-01-09,0.3996048452267742
2019-01-17,0.4194450040171243
2019-01-25,0.4069439986648606
2019-02-02,0.41356869272663427
2019-02-10,0.383558783230568
2019-02-18,0.39247254206386917
2019-02-26,0.37744809525842177
2019-03-06,0.3748820274128847
2019-03-14,0.34924881999577173
2019-03-22,0.35082073371573547
2019-03-30,
2019-04-07,0.3567947054259056
2019-04-15,0.3455928813934179
2019-04-23,0.33899322702518203
2019-05-01,0.3316612144456213
2019-05-09,0.3093919506811695
2019-05-17,0.3031451099480909
2019-05-25,0.27961792683021447
2019-06-02,0.27582948358811216
2019-06-10,0.26957095450497554
2019-06-18,0.26345757245371676
2019-06-26,0.25385751628282277
2019-07-04,0.25172460515265377
2019-07-12,0.24823486177675977
2019-07-20,0.25211799142563385
2019-07-28,0.24533622157658327
2019-08-05,0.24818112167222958
2019-08-13,0.24720041271903875
2019-08-21,0.25839920095598184
2019-08-29,0.26904874025404485
2019-09-06,0.266696967709639
2019-09-14,0.2599199418097177
2019-09-22,0.2624301042022284
2019-09-30,0.26117415682820755
2019-10-08,0.27451856945474024
2019-10-16,0.27209596207129394
2019-10-24,0.27615924610020054
2019-11-01,0.2816935012312906
2019-11-09,0.2846179209459631
2019-11-17,0.30578867891574674
2019-11-25,0.3167824663276792
2019-12-03,0.3247580799611837
2019-12-11,0.3447497982536667
2019-12-19,0.3574724058691096
2019-12-27,0.35159383306679504
2020-01-01,0.3704523658063265
2020-01-09,0.36694658209227493
2020-01-17,0.3916135852278792
2020-01-25,0.3944561549672705
2020-02-02,0.3963301819649422
2020-02-10,0.3779324426947716
2020-02-18,0.3755684599551079
2020-02-26,0.3553497006499342
2020-03-05,0.34432781546785063
2020-03-13,0.3359930942673453
2020-03-21,0.35790698029993445
2020-03-29,0.34676649210596266
2020-04-06,0.35218838673257197
2020-04-14,0.3518931872332169
2020-04-22,0.3490925323636363
2020-04-30,0.3426933843808549
2020-05-08,0.3254462493839522
2020-05-16,0.3274088656597095
2020-05-24,0.30933118847608887
2020-06-01,0.29313464048991217
2020-06-09,0.27936469321642665
2020-06-17,0.2763161715051501
2020-06-25,0.2529340923283389
2020-07-03,0.24622183440330486
2020-07-11,0.24554551221508314
2020-07-19,0.24872342649406684
2020-07-27,0.2521118807963974
2020-08-04,0.24564742782890336
2020-08-12,0.24232375586672358
2020-08-20,0.2357800348717233
2020-08-28,0.24443133258213864
2020-09-05,0.24909697167223444
2020-09-13,0.2506009252685607
2020-09-21,0.2513653006317758
2020-09-29,0.25024414122740835
2020-10-07,0.25652770992484875
2020-10-15,0.26228169310280613
2020-10-23,0.27279582587167944
2020-10-31,0.2694547224356437
2020-11-08,0.28257570561621614
2020-11-16,0.28208274196865474
2020-11-24,0.29195253341869903
2020-12-02,0.302950529906437
2020-12-10,0.3260698060237785
2020-12-18,0.33347377260706146
2020-12-26,0.33353932417724197
2021-01-01,0.3635637464322511
2021-01-09,0.3157323484992606
2021-01-17,0.37314679208305024
2021-01-25,0.39471532256030484
2021-02-02,0.4176964171460168
2021-02-10,0.4247974904032851
2021-02-18,0.4328578610509328
2021-02-26,0.45284277280240887
2021-03-06,0.4561994960491182
2021-03-14,0.4364697207816019
2021-03-22,0.4343904824798733
2021-03-30,0.39993158144830177
2021-04-07,0.3846486743585168
2021-04-15,0.37308823504309985
2021-04-23,0.3551882495451424
2021-05-01,0.3412700849029515
2021-05-09,0.31542257178042626
2021-05-17,0.16574422546275408
2021-05-25,0.15970607254215302
2021-06-02,0.15554093907010919
2021-06-10,0.1521157419656659
2021-06-18,0.1486293570005274
2021-06-26,0.14346824783373305
2021-07-04,0.13980445193010016
2021-07-12,0.13626374268360636
2021-07-20,0.13977460351961168
2021-07-28,0.13906487084089128
2021-08-05,0.1387160326803515
2021-08-13,0.1329061304195287
2021-08-21,0.13721671238318012
2021-08-29,0.1392325735731461
2021-09-06,0.14652774748132374
2021-09-14,0.14507049390535928
2021-09-22,0.1449457966025015
2021-09-30,0.14091557170742583
2021-10-08,0.14463493530111526
2021-10-16,0.14380768882743647
2021-10-24,0.15219520488538035
2021-11-01,0.14766400364158025
2021-11-09,0.14929036462069167
2021-11-17,0.15469247573592304
2021-11-25,0.15963497357066395
2021-12-03,0.1531114248413906
2021-12-11,0.16095664533984247
2021-12-19,0.16531699831380817
2021-12-27,0.1739391570825416
2022-01-01,0.17434126955575582
2022-01-09,0.1712401332515316
2022-01-17,0.17029615431293757
2022-01-25,0.16338472277235372
2022-02-02,0.16546053056666898
2022-02-10,0.1638629586557462
2022-02-18,0.16680093457015843
2022-02-26,0.1671596844103107
2022-03-06,0.17358181533297506
2022-03-14,0.18513149216381192
2022-03-22,0.20188680899379757
2022-03-30,0.16792023614467483
2022-04-07,0.20739056958938645
2022-04-15,0.19517235081362364
2022-04-23,0.18187359759279975
2022-05-01,0.17510490459697697
2022-05-09,0.15622614658754624
2022-05-17,0.15112647827957942
2022-05-25,0.14316336005119246
2022-06-02,0.14074112487009022
2022-06-10,0.1357727985762957
2022-06-18,0.13792678606699466
2022-06-26,0.13225733700658998
2022-07-04,0.13041937947720483
2022-07-12,0.13060091496951026
2022-07-20,0.1305040636178866
2022-07-28,0.1255583243412618
2022-08-05,0.1289902658928927
2022-08-13,0.12297165950273171
2022-08-21,0.12553487840209887
2022-08-29,0.12846970533490884
2022-09-06,0.13425833122763506
2022-09-14,0.13514985848884853
2022-09-22,0.13222362913004188
2022-09-30,0.1204068228531711
2022-10-08,0.1391517677110401
2022-10-16,0.1367637264864471
2022-10-24,0.14356749026271362
2022-11-01,0.14037472037497392
2022-11-09,0.14687133276471417
2022-11-17,0.14849393823701737
2022-11-25,0.14759320751843866
2022-12-03,0.17289860980989993
2022-12-11,0.17383729272195558
2022-12-19,0.1765145086628024
2022-12-27,0.1802741720100501
2023-01-01,0.18311136575037004
2023-01-09,0.18965791431364626
2023-01-17,0.19765049607202742
2023-01-25,0.18997960217505008
2023-02-02,0.18375328349003156
2023-02-10,0.173664211766705
2023-02-18,0.1932377088616254
2023-02-26,0.2074127859579898
2023-03-06,0.21707660602743709
2023-03-14,0.2060521279882423
2023-03-22,0.20073908078317135
2023-03-30,0.18065824525129315
2023-04-07,0.16804413859985717
2023-04-15,0.16287132659039583
2023-04-23,0.1536020747643341
2023-05-01,0.14696725624173204
2023-05-09,0.14930560291708275
2023-05-17,0.14498602642057773
2023-05-25,0.14079382999498005
2023-06-02,0.14066690694156506
2023-06-10,0.1387308489040029
2023-06-18,0.13596891187822324
2023-06-26,0.1319769685588855
2023-07-04,0.129667749619365
2023-07-12,0.12732057134220068
2023-07-20,0.12829326266408647
2023-07-28,0.12465860028684908
2023-08-05,0.11861493117269552
2023-08-13,0.12737896387108025
2023-08-21,0.1297969915023291
2023-08-29,0.12885027391017959
2023-09-06,0.1317882755287703
2023-09-14,0.12980532057859723
2023-09-22,0.13044711244993212
2023-09-30,0.12702294449581478
2023-10-08,0.13039939589473232
2023-10-16,0.137257636432249
2023-10-24,0.147719830488463
2023-11-01,0.1409821750572398
2023-11-09,0.14647814106228157
2023-11-17,0.1423548409947797
2023-11-25,0.1473562939921811
2023-12-03,0.14465470181006065
2023-12-11,0.14904390514380036
2023-12-19,0.14349197598090654
2023-12-27,0.13967638613347932
2024-01-01,0.14698422496918762
2024-01-09,0.15323310632701045
2024-01-17,0.15595229721826825
2024-01-25,0.15173417527234923
2024-02-02,0.1643517261925122
2024-02-10,0.16193311941527094
2024-02-18,0.16218351537538178
2024-02-26,0.1729869128190643
2024-03-05,0.17059266341915516
2024-03-13,0.17670132678035066
2024-03-21,0.18410477915377585
2024-03-29,0.19177448059986718
2024-04-06,0.18336105184533022
2024-04-14,0.17480246137585054
2024-04-22,0.17382052146626673
2024-04-30,0.1615345791474267
2024-05-08,0.15756197526995738
2024-05-16,0.1453327191080659
2024-05-24,0.13797101235657544
2024-06-01,0.13813494845804428
2024-06-09,0.13067386548187507
2024-06-17,0.1353388818398272
2024-06-25,0.13266680840922485
2024-07-03,0.1272836835654055
2024-07-11,0.12075486977560607
2024-07-19,0.12149913491984683
2024-07-27,0.12099724016571146
2024-08-04,0.12332943729630376
2024-08-12,0.11732945234724872
2024-08-20,0.12446805778367202
2024-08-28,0.12780172397623396
2024-09-05,0.12998012855946542
2024-09-13,0.12827545877025742
2024-09-21,0.1322366897719047
2024-09-29,0.1313166157101891
2024-10-07,0.13926669267192435
2024-10-15,0.13816368568739334
2024-10-23,0.14434068715615164
2024-10-31,0.13981432579775643
2024-11-08,0.14734358404272338
2024-11-16,0.15392244729751495
2024-11-24,0.15010410769670413
2024-12-02,0.1501673363867775
2024-12-10,0.15644817178601894
2024-12-18,0.14602016661149733
2024-12-26,0.15708647184941044
2025-01-01,0.15115996751408842
2025-01-09,0.1525949949407622
2025-01-17,0.14911432609871
2025-01-25,0.153807926796301
2025-02-02,0.1505841869179916
2025-02-10,0.1549621736463121
2025-02-18,0.17038653151209737
2025-02-26,0.16146248860729895
2025-03-06,0.1890640030368337
2025-03-14,0.19211544584739754
2025-03-22,0.19755639293689822
2025-04-15,0.21924988341901733
2025-04-23,0.20239143635162002
2025-05-01,0.20000216156516246
2025-05-09,0.1838496902894089
2025-05-25,0.1537940081641659
2025-06-02,0.15019322012767358
